<?xml version="1.0" encoding="ISO-8859-1"?>
<export>
	<row>
		<src>images/fan_processor.jpg</src>
		<name>Processor with cooling fan</name>
	</row>
	<row>
		<src>images\ibook.jpg</src>
		<name>iBook laptop</name>
	</row>
	<row>
		<src>images\ipaq.jpg</src>
		<name>Compaq iPaq</name>
	</row>
	<row>
		<src>images\laptop_keyboard.jpg</src>
		<name>Laptop-like keyboard</name>
	</row>
	<row>
		<src>images\microsoft_mouse.jpg</src>
		<name>Microsoft mouse</name>
	</row>
	<row>
		<src>images\natural_keyboard.jpg</src>
		<name>Microsoft Natural Keyboard</name>
	</row>
	<row>
		<src>images\nokia_phone.jpg</src>
		<name>Nokia Phone</name>
	</row>
	<row>
		<src>plain_mouse.jpg</src>
		<name>Simple mouse</name>
	</row>
	<row>
		<src>images\powerbook.jpg</src>
		<name>PowerBook computer</name>
	</row>
	<row>
		<src>images\processor.jpg</src>
		<name>Simple processor</name>
	</row>
	<row>
		<src>images\webcam1.jpg</src>
		<name>Logitech WebCam</name>
	</row>
	<row>
		<src>images\wireless_keyboard.jpg</src>
		<name>Wireless Keyboard</name>
	</row>
</export>